{
    "colors": [
        {
            "guid": "bb9e8c49c3df9694fb54cabeb4b15ace",
            "color": {
                "r": 0.2196078598499298,
                "g": 0.2196078598499298,
                "b": 0.2196078598499298,
                "a": 1.0
            }
        },
        {
            "guid": "0d4ea76cb49c1794eb7f6a093a67fd9c",
            "color": {
                "r": 0.2196078598499298,
                "g": 0.2196078598499298,
                "b": 0.2196078598499298,
                "a": 1.0
            }
        }
    ]
}